mdp,solver,n,beta,threads,converged,wall_sec,total_updates,updates_per_sec,final_residual,bandwidth_GBps
Grid_50x50,Jacobi,2500,0.9990,1,true,0.095073,35952500,3.781574e+08,7.050128e-07,43.2612
Grid_50x50,GaussSeidel,2500,0.9990,1,true,0.165316,21952500,1.327912e+08,9.501393e-07,15.1913
Grid_50x50,Async_Static,2500,0.9990,4,true,0.123100,24021972,1.951421e+08,4.659175e-07,22.3243
Grid_50x50,Async_Shuffled,2500,0.9990,4,true,0.144273,26473750,1.834978e+08,5.708812e-07,20.9922
Grid_50x50,Async_TopKGS,2500,0.9990,4,true,1.013539,25217947,2.488107e+07,9.707628e-07,2.8464
Grid_50x50,Async_CATopKGS,2500,0.9990,4,true,4.075853,25083069,6.154066e+06,9.570520e-07,0.7040
Grid_50x50,Async_ResBuck,2500,0.9990,4,true,0.956011,21985181,2.299679e+07,9.276928e-07,2.6308
Grid_50x50,Plan_Static,2500,0.9990,4,true,0.086220,22442500,2.602944e+08,8.839138e-07,29.7777
Grid_50x50,Plan_Colored,2500,0.9990,4,true,0.105156,22852500,2.173197e+08,5.173447e-07,24.8614
Grid_50x50,Plan_Priority,2500,0.9990,4,true,0.180923,25421280,1.405086e+08,6.178711e-07,16.0742
Meta_2K,Jacobi,2000,0.9990,1,false,30.001751,10698000,3.565792e+05,7.110298e-03,14.2689
Meta_2K,GaussSeidel,2000,0.9990,1,false,30.003802,10714000,3.570881e+05,6.716254e-05,14.2892
Meta_2K,Async_Static,2000,0.9990,4,true,8.114581,14882068,1.833991e+06,8.793579e-07,73.3890
Meta_2K,Async_Shuffled,2000,0.9990,4,true,10.754558,17994891,1.673234e+06,9.721227e-07,66.9561
Meta_2K,Async_TopKGS,2000,0.9990,4,true,11.870025,18046725,1.520361e+06,9.623157e-07,60.8388
Meta_2K,Async_CATopKGS,2000,0.9990,4,true,13.920937,18020843,1.294514e+06,9.840726e-07,51.8013
Meta_2K,Async_ResBuck,2000,0.9990,4,true,10.576453,15044511,1.422453e+06,9.970368e-07,56.9209
Meta_2K,Plan_Static,2000,0.9990,4,false,30.006395,14128000,4.708330e+05,3.582222e-06,18.8409
Meta_2K,Plan_Colored,2000,0.9990,4,false,30.003636,14233024,4.743766e+05,2.127959e-06,18.9827
Meta_2K,Plan_Priority,2000,0.9990,4,false,30.004323,12581232,4.193140e+05,3.737581e-05,16.7793
Star_2K,Jacobi,2000,0.9990,1,true,0.070035,27660000,3.949468e+08,7.069456e-07,30.0041
Star_2K,GaussSeidel,2000,0.9990,1,true,0.040022,16356000,4.086740e+08,5.225535e-07,31.0470
Star_2K,Async_Static,2000,0.9990,4,true,0.062009,21281607,3.431998e+08,6.327446e-07,26.0729
Star_2K,Async_Shuffled,2000,0.9990,4,true,0.087351,20705173,2.370341e+08,8.489725e-07,18.0075
Star_2K,Async_TopKGS,2000,0.9990,4,true,0.746086,20256642,2.715056e+07,9.570895e-07,2.0626
Star_2K,Async_CATopKGS,2000,0.9990,4,true,2.862040,19336883,6.756328e+06,9.659617e-07,0.5133
Star_2K,Async_ResBuck,2000,0.9990,4,true,0.616756,15886682,2.575844e+07,8.950625e-07,1.9569
Star_2K,Plan_Static,2000,0.9990,4,true,0.050053,17450000,3.486281e+08,9.714000e-07,26.4853
Star_2K,Plan_Colored,2000,0.9990,4,true,0.086964,16060000,1.846742e+08,7.196317e-07,14.0297
Star_2K,Plan_Priority,2000,0.9990,4,true,0.105229,15074784,1.432572e+08,8.199041e-07,10.8833
Chain_2K,Jacobi,2000,0.9990,1,true,0.085054,28540000,3.355527e+08,6.091745e-07,25.4953
Chain_2K,GaussSeidel,2000,0.9990,1,true,0.180248,21204000,1.176377e+08,6.991201e-07,8.9381
Chain_2K,Async_Static,2000,0.9990,4,true,0.066884,21124307,3.158346e+08,9.645213e-07,23.9971
Chain_2K,Async_Shuffled,2000,0.9990,4,true,0.105154,23490500,2.233910e+08,4.614158e-07,16.9732
Chain_2K,Async_TopKGS,2000,0.9990,4,true,0.772215,22543922,2.919384e+07,7.787969e-07,2.2181
Chain_2K,Async_CATopKGS,2000,0.9990,4,true,3.343766,22598054,6.758264e+06,9.132032e-07,0.5135
Chain_2K,Async_ResBuck,2000,0.9990,4,true,0.811970,20790212,2.560467e+07,9.292417e-07,1.9454
Chain_2K,Plan_Static,2000,0.9990,4,true,0.070078,21174000,3.021492e+08,9.517532e-07,22.9573
Chain_2K,Plan_Colored,2000,0.9990,4,true,0.105143,21396000,2.034944e+08,7.616107e-07,15.4615
Chain_2K,Plan_Priority,2000,0.9990,4,true,0.170284,25508160,1.497979e+08,7.887544e-07,11.3816
Rand_4K,Jacobi,4000,0.9990,1,true,0.180233,53492000,2.967937e+08,7.605897e-07,52.2357
Rand_4K,GaussSeidel,4000,0.9990,1,true,0.090158,28452000,3.155777e+08,6.663702e-07,55.5417
Rand_4K,Async_Static,4000,0.9990,4,true,0.148418,29396294,1.980637e+08,6.345371e-07,34.8592
Rand_4K,Async_Shuffled,4000,0.9990,4,true,0.230797,32364560,1.402293e+08,9.732365e-07,24.6804
Rand_4K,Async_TopKGS,4000,0.9990,4,true,2.094827,34446198,1.644345e+07,8.127962e-07,2.8940
Rand_4K,Async_CATopKGS,4000,0.9990,4,true,6.276789,33661683,5.362883e+06,9.802270e-07,0.9439
Rand_4K,Async_ResBuck,4000,0.9990,4,true,0.972218,27751181,2.854420e+07,9.541365e-07,5.0238
Rand_4K,Plan_Static,4000,0.9990,4,true,0.110306,28736000,2.605127e+08,6.823984e-07,45.8502
Rand_4K,Plan_Colored,4000,0.9990,4,true,0.155496,28332000,1.822035e+08,7.550186e-07,32.0678
Rand_4K,Plan_Priority,4000,0.9990,4,true,0.195915,30915136,1.577989e+08,8.931123e-07,27.7726
Grid_b0.900,Jacobi,900,0.9000,1,true,0.005006,1962000,3.919460e+08,0.000000e+00,44.4205
Grid_b0.900,GaussSeidel,900,0.9000,1,true,0.005008,468900,9.362630e+07,0.000000e+00,10.6110
Grid_b0.900,Async_TopKGS,900,0.9000,4,true,0.006340,150938,2.380694e+07,5.182699e-11,2.6981
Grid_b0.900,Plan_Priority,900,0.9000,4,true,0.005028,426972,8.491605e+07,3.552714e-15,9.6238
Grid_b0.950,Jacobi,900,0.9500,1,true,0.005004,1910700,3.818377e+08,0.000000e+00,43.2749
Grid_b0.950,GaussSeidel,900,0.9500,1,true,0.005008,577800,1.153716e+08,0.000000e+00,13.0754
Grid_b0.950,Async_TopKGS,900,0.9500,4,true,0.011633,321624,2.764696e+07,1.148592e-11,3.1333
Grid_b0.950,Plan_Priority,900,0.9500,4,true,0.005037,449904,8.932205e+07,7.105427e-15,10.1232
Grid_b0.990,Jacobi,900,0.9900,1,true,0.005005,2036700,4.069365e+08,1.658691e-10,46.1195
Grid_b0.990,GaussSeidel,900,0.9900,1,true,0.010013,1159200,1.157666e+08,1.149630e-09,13.1202
Grid_b0.990,Async_TopKGS,900,0.9900,4,true,0.037642,1015880,2.698782e+07,2.196915e-07,3.0586
Grid_b0.990,Plan_Priority,900,0.9900,4,true,0.015027,1401036,9.323251e+07,5.144756e-10,10.5664
Grid_b0.995,Jacobi,900,0.9950,1,true,0.010006,3383100,3.381156e+08,8.201312e-09,38.3198
Grid_b0.995,GaussSeidel,900,0.9950,1,true,0.015009,1807200,1.204071e+08,1.225285e-07,13.6461
Grid_b0.995,Async_TopKGS,900,0.9950,4,true,0.068479,1845990,2.695704e+07,9.272262e-07,3.0551
Grid_b0.995,Plan_Priority,900,0.9950,4,true,0.025062,2230956,8.901896e+07,3.325439e-08,10.0888
Rand_500K,Plan_Static,500000,0.9900,1,true,5.512161,356000000,6.458448e+07,6.324783e-07,26.8671
Rand_500K,Async_Static,500000,0.9900,1,true,6.836274,338523402,4.951870e+07,6.456416e-07,20.5998
Rand_500K,Plan_Static,500000,0.9900,2,true,4.494520,353000000,7.854009e+07,7.417402e-07,32.6727
Rand_500K,Async_Static,500000,0.9900,2,true,4.922353,347787541,7.065474e+07,8.778751e-07,29.3924
Rand_500K,Plan_Static,500000,0.9900,4,true,3.027750,353500000,1.167534e+08,8.136520e-07,48.5694
Rand_500K,Async_Static,500000,0.9900,4,true,4.668125,353793785,7.578926e+07,9.990587e-07,31.5283
Rand_500K,Plan_Static,500000,0.9900,8,true,3.232881,372500000,1.152223e+08,9.734017e-07,47.9325
Rand_500K,Async_Static,500000,0.9900,8,true,6.645550,398171510,5.991551e+07,8.927322e-07,24.9249
Rand_1M,Plan_Static,1000000,0.9900,1,true,12.869474,699000000,5.431457e+07,8.193905e-07,22.5949
Rand_1M,Async_Static,1000000,0.9900,1,true,17.540285,697999939,3.979410e+07,8.474688e-07,16.5543
Rand_1M,Plan_Static,1000000,0.9900,2,true,10.764460,692000000,6.428562e+07,9.711340e-07,26.7428
Rand_1M,Async_Static,1000000,0.9900,2,true,11.401092,695185963,6.097538e+07,9.377696e-07,25.3658
Rand_1M,Plan_Static,1000000,0.9900,4,true,7.177140,716000000,9.976119e+07,6.893335e-07,41.5007
Rand_1M,Async_Static,1000000,0.9900,4,true,12.317760,732548942,5.947095e+07,9.739105e-07,24.7399
Rand_1M,Plan_Static,1000000,0.9900,8,true,9.578356,773000000,8.070278e+07,7.716977e-07,33.5724
Rand_1M,Async_Static,1000000,0.9900,8,true,27.255833,760511960,2.790272e+07,6.958203e-07,11.6075
Meta_pb0.200,Jacobi,2000,0.9990,1,false,30.002719,10690000,3.563010e+05,9.518413e-03,14.2577
Meta_pb0.200,GaussSeidel,2000,0.9990,1,false,30.004520,10770000,3.589459e+05,8.455590e-05,14.3636
Meta_pb0.200,Async_TopKGS,2000,0.9990,4,true,12.285741,18361100,1.494505e+06,9.988375e-07,59.8041
Meta_pb0.200,Plan_Priority,2000,0.9990,4,false,30.003639,13285712,4.428034e+05,2.659136e-05,17.7192
Meta_pb0.100,Jacobi,2000,0.9990,1,false,30.005171,10760000,3.586049e+05,9.190871e-03,14.3499
Meta_pb0.100,GaussSeidel,2000,0.9990,1,false,30.004889,10774000,3.590748e+05,8.430421e-05,14.3687
Meta_pb0.100,Async_TopKGS,2000,0.9990,4,true,12.556836,18378845,1.463653e+06,9.304483e-07,58.5695
Meta_pb0.100,Plan_Priority,2000,0.9990,4,false,30.003446,12925600,4.308038e+05,3.626906e-05,17.2390
Meta_pb0.050,Jacobi,2000,0.9990,1,false,30.007394,8554000,2.850631e+05,2.770915e-02,11.4071
Meta_pb0.050,GaussSeidel,2000,0.9990,1,false,30.001689,5020000,1.673239e+05,2.651149e-02,6.6956
Meta_pb0.050,Async_TopKGS,2000,0.9990,4,false,30.005665,16986817,5.661203e+05,1.034244e-05,22.6539
Meta_pb0.050,Plan_Priority,2000,0.9990,4,false,30.003690,8174768,2.724588e+05,2.697473e-03,10.9027
Meta_pb0.020,Jacobi,2000,0.9990,1,false,30.005401,10198000,3.398721e+05,1.217459e-02,13.6003
Meta_pb0.020,GaussSeidel,2000,0.9990,1,false,30.006946,9058000,3.018634e+05,4.687596e-04,12.0794
Meta_pb0.020,Async_TopKGS,2000,0.9990,4,false,30.055459,17900347,5.955772e+05,2.268888e-06,23.8326
Meta_pb0.020,Plan_Priority,2000,0.9990,4,false,30.008889,6755264,2.251088e+05,9.707367e-03,9.0080
Meta_pb0.010,Jacobi,2000,0.9990,1,false,30.002355,7814000,2.604462e+05,4.012292e-02,10.4220
Meta_pb0.010,GaussSeidel,2000,0.9990,1,false,30.002455,8904000,2.967757e+05,5.467919e-04,11.8758
Meta_pb0.010,Async_TopKGS,2000,0.9990,4,true,26.512361,18421092,6.948114e+05,9.786916e-07,27.8036
Meta_pb0.010,Plan_Priority,2000,0.9990,4,false,30.006290,8289424,2.762562e+05,2.432671e-03,11.0547
Rand_n1000,Jacobi,1000,0.9900,1,true,0.010016,1393000,1.390798e+08,4.135911e-07,57.8572
Rand_n1000,GaussSeidel,1000,0.9900,1,true,0.005007,692000,1.381939e+08,9.088155e-07,57.4886
Rand_n1000,Plan_Static_4T,1000,0.9900,4,true,0.010059,1004000,9.980987e+07,2.469228e-09,41.5209
Rand_n1000,Async_Static_4T,1000,0.9900,4,true,0.012738,1220264,9.579777e+07,4.155893e-10,39.8519
Rand_n5000,Jacobi,5000,0.9900,1,true,0.055279,6850000,1.239175e+08,5.206674e-07,51.5497
Rand_n5000,GaussSeidel,5000,0.9900,1,true,0.030097,3905000,1.297479e+08,1.602414e-07,53.9751
Rand_n5000,Plan_Static_4T,5000,0.9900,4,true,0.040379,3770000,9.336517e+07,3.058831e-07,38.8399
Rand_n5000,Async_Static_4T,5000,0.9900,4,true,0.060664,3771642,6.217240e+07,4.372245e-07,25.8637
Rand_n20000,Jacobi,20000,0.9900,1,true,0.498470,26260000,5.268121e+07,9.261930e-07,21.9154
Rand_n20000,GaussSeidel,20000,0.9900,1,true,0.261533,14020000,5.360698e+07,7.985934e-07,22.3005
Rand_n20000,Plan_Static_4T,20000,0.9900,4,true,0.174885,14260000,8.153914e+07,8.169804e-07,33.9203
Rand_n20000,Async_Static_4T,20000,0.9900,4,true,0.234629,14449982,6.158646e+07,8.462444e-07,25.6200
Rand_n100000,Jacobi,100000,0.9900,1,true,3.685655,130600000,3.543467e+07,9.985653e-07,14.7408
Rand_n100000,GaussSeidel,100000,0.9900,1,true,1.814697,69100000,3.807797e+07,9.674350e-07,15.8404
Rand_n100000,Plan_Static_4T,100000,0.9900,4,true,1.595064,70300000,4.407347e+07,9.912250e-07,18.3346
Rand_n100000,Async_Static_4T,100000,0.9900,4,true,1.286585,70649704,5.491258e+07,8.147168e-07,22.8436
Grid_AT,AT_Static,2500,0.9990,4,true,0.120204,22685000,1.887202e+08,6.540820e-07,21.5896
Meta_AT,AT_Static,2000,0.9990,4,false,30.011206,8736000,2.910913e+05,6.967760e-04,11.6483
Rand_AT,AT_Static,5000,0.9990,4,true,0.326813,35600000,1.089310e+08,9.434530e-07,19.1718
